{"cameraMode":{"drawMode":0,"name":"Shaded","section":"Shading Mode"},"sceneLighting":true,"audioPlay":false,"sceneViewState":{"m_AlwaysRefresh":false,"showFog":true,"showSkybox":true,"showFlares":true,"showImageEffects":true,"showParticleSystems":true,"showVisualEffectGraphs":true,"m_FxEnabled":true},"in2DMode":false,"pivot":{"x":0.0299999862909317,"y":2.6500000953674318,"z":3.1600000858306886},"rotation":{"x":-0.05547187849879265,"y":-0.002699424047023058,"z":0.00015167638775892556,"w":-0.9984663724899292},"size":5.670149803161621,"orthographic":true}